[{"country_code":410,"sex":0,"type":1,"cancer_code":1,"total":579,"total_pop":51329905,"asr":0.48,"crude_rate":1.13,"cum_risk_74":0.05,"rank":19,"ui":{"low":428,"high":783},"country_iso3":"N.A.","label":"Lip, oral cavity","item_order":3,"cancer_label":"Lip, oral cavity"},{"country_code":410,"sex":0,"type":1,"cancer_code":2,"total":174,"total_pop":51329905,"asr":0.14,"crude_rate":0.34,"cum_risk_74":0.02,"rank":27,"ui":{"low":94,"high":321},"country_iso3":"N.A.","label":"Salivary glands","item_order":4,"cancer_label":"Salivary glands"},{"country_code":410,"sex":0,"type":1,"cancer_code":3,"total":218,"total_pop":51329905,"asr":0.18,"crude_rate":0.42,"cum_risk_74":0.02,"rank":25,"ui":{"low":103,"high":463},"country_iso3":"N.A.","label":"Oropharynx","item_order":5,"cancer_label":"Oropharynx"},{"country_code":410,"sex":0,"type":1,"cancer_code":4,"total":202,"total_pop":51329905,"asr":0.2,"crude_rate":0.39,"cum_risk_74":0.02,"rank":24,"ui":{"low":106,"high":383},"country_iso3":"N.A.","label":"Nasopharynx","item_order":6,"cancer_label":"Nasopharynx"},{"country_code":410,"sex":0,"type":1,"cancer_code":5,"total":302,"total_pop":51329905,"asr":0.24,"crude_rate":0.59,"cum_risk_74":0.03,"rank":23,"ui":{"low":135,"high":675},"country_iso3":"N.A.","label":"Hypopharynx","item_order":7,"cancer_label":"Hypopharynx"},{"country_code":410,"sex":0,"type":1,"cancer_code":6,"total":1521,"total_pop":51329905,"asr":1.22,"crude_rate":2.96,"cum_risk_74":0.14,"rank":15,"ui":{"low":1123,"high":2060},"country_iso3":"N.A.","label":"Oesophagus","item_order":8,"cancer_label":"Oesophagus"},{"country_code":410,"sex":0,"type":1,"cancer_code":7,"total":8517,"total_pop":51329905,"asr":6.53,"crude_rate":16.59,"cum_risk_74":0.58,"rank":4,"ui":{"low":7573,"high":9578},"country_iso3":"N.A.","label":"Stomach","item_order":9,"cancer_label":"Stomach"},{"country_code":410,"sex":0,"type":1,"cancer_code":11,"total":12595,"total_pop":51329905,"asr":10.67,"crude_rate":24.54,"cum_risk_74":1.19,"rank":2,"ui":{"low":11681,"high":13580},"country_iso3":"N.A.","label":"Liver and intrahepatic bile ducts","item_order":14,"cancer_label":"Liver and intrahepatic bile ducts"},{"country_code":410,"sex":0,"type":1,"cancer_code":12,"total":2091,"total_pop":51329905,"asr":1.53,"crude_rate":4.07,"cum_risk_74":0.15,"rank":13,"ui":{"low":1819,"high":2404},"country_iso3":"N.A.","label":"Gallbladder","item_order":15,"cancer_label":"Gallbladder"},{"country_code":410,"sex":0,"type":1,"cancer_code":13,"total":7582,"total_pop":51329905,"asr":5.93,"crude_rate":14.77,"cum_risk_74":0.66,"rank":5,"ui":{"low":6986,"high":8229},"country_iso3":"N.A.","label":"Pancreas","item_order":16,"cancer_label":"Pancreas"},{"country_code":410,"sex":0,"type":1,"cancer_code":14,"total":423,"total_pop":51329905,"asr":0.31,"crude_rate":0.82,"cum_risk_74":0.03,"rank":20,"ui":{"low":171,"high":1045},"country_iso3":"N.A.","label":"Larynx","item_order":17,"cancer_label":"Larynx"},{"country_code":410,"sex":0,"type":1,"cancer_code":15,"total":22474,"total_pop":51329905,"asr":16.71,"crude_rate":43.78,"cum_risk_74":1.79,"rank":1,"ui":{"low":21317,"high":23694},"country_iso3":"N.A.","label":"Trachea, bronchus and lung","item_order":18,"cancer_label":"Trachea, bronchus and lung"},{"country_code":410,"sex":0,"type":1,"cancer_code":16,"total":336,"total_pop":51329905,"asr":0.28,"crude_rate":0.65,"cum_risk_74":0.03,"rank":22,"ui":{"low":228,"high":495},"country_iso3":"N.A.","label":"Melanoma of skin","item_order":19,"cancer_label":"Melanoma of skin"},{"country_code":410,"sex":0,"type":1,"cancer_code":18,"total":175,"total_pop":51329905,"asr":0.15,"crude_rate":0.34,"cum_risk_74":0.02,"rank":26,"ui":{"low":84,"high":367},"country_iso3":"N.A.","label":"Mesothelioma","item_order":21,"cancer_label":"Mesothelioma"},{"country_code":410,"sex":0,"type":1,"cancer_code":19,"total":16,"total_pop":51329905,"asr":0.01,"crude_rate":0.03,"cum_risk_74":0,"rank":33,"ui":{"low":2,"high":131},"country_iso3":"N.A.","label":"Kaposi sarcoma","item_order":22,"cancer_label":"Kaposi sarcoma"},{"country_code":410,"sex":0,"type":1,"cancer_code":20,"total":2913,"total_pop":25644064,"asr":5.8,"crude_rate":11.36,"cum_risk_74":0.62,"rank":6,"ui":{"low":2720,"high":3120},"country_iso3":"N.A.","label":"Breast","item_order":23,"cancer_label":"Breast"},{"country_code":410,"sex":0,"type":1,"cancer_code":21,"total":53,"total_pop":25644064,"asr":0.06,"crude_rate":0.21,"cum_risk_74":0,"rank":28,"ui":{"low":32,"high":87},"country_iso3":"N.A.","label":"Vulva","item_order":24,"cancer_label":"Vulva"},{"country_code":410,"sex":0,"type":1,"cancer_code":22,"total":41,"total_pop":25644064,"asr":0.06,"crude_rate":0.16,"cum_risk_74":0.01,"rank":28,"ui":{"low":19,"high":87},"country_iso3":"N.A.","label":"Vagina","item_order":25,"cancer_label":"Vagina"},{"country_code":410,"sex":0,"type":1,"cancer_code":23,"total":1143,"total_pop":25644064,"asr":1.95,"crude_rate":4.46,"cum_risk_74":0.19,"rank":11,"ui":{"low":1011,"high":1292},"country_iso3":"N.A.","label":"Cervix uteri","item_order":26,"cancer_label":"Cervix uteri"},{"country_code":410,"sex":0,"type":1,"cancer_code":24,"total":481,"total_pop":25644064,"asr":0.85,"crude_rate":1.88,"cum_risk_74":0.1,"rank":18,"ui":{"low":422,"high":548},"country_iso3":"N.A.","label":"Corpus uteri","item_order":27,"cancer_label":"Corpus uteri"},{"country_code":410,"sex":0,"type":1,"cancer_code":25,"total":1441,"total_pop":25644064,"asr":2.55,"crude_rate":5.62,"cum_risk_74":0.28,"rank":8,"ui":{"low":1312,"high":1582},"country_iso3":"N.A.","label":"Ovary","item_order":28,"cancer_label":"Ovary"},{"country_code":410,"sex":0,"type":1,"cancer_code":26,"total":23,"total_pop":25685841,"asr":0.04,"crude_rate":0.09,"cum_risk_74":0,"rank":31,"ui":{"low":10,"high":52},"country_iso3":"N.A.","label":"Penis","item_order":29,"cancer_label":"Penis"},{"country_code":410,"sex":0,"type":1,"cancer_code":27,"total":2715,"total_pop":25685841,"asr":4.41,"crude_rate":10.57,"cum_risk_74":0.25,"rank":7,"ui":{"low":2505,"high":2942},"country_iso3":"N.A.","label":"Prostate","item_order":30,"cancer_label":"Prostate"},{"country_code":410,"sex":0,"type":1,"cancer_code":28,"total":16,"total_pop":25685841,"asr":0.04,"crude_rate":0.06,"cum_risk_74":0,"rank":31,"ui":{"low":6,"high":40},"country_iso3":"N.A.","label":"Testis","item_order":31,"cancer_label":"Testis"},{"country_code":410,"sex":0,"type":1,"cancer_code":29,"total":1260,"total_pop":51329905,"asr":1.01,"crude_rate":2.45,"cum_risk_74":0.11,"rank":16,"ui":{"low":1021,"high":1555},"country_iso3":"N.A.","label":"Kidney","item_order":32,"cancer_label":"Kidney"},{"country_code":410,"sex":0,"type":1,"cancer_code":30,"total":2017,"total_pop":51329905,"asr":1.32,"crude_rate":3.93,"cum_risk_74":0.1,"rank":14,"ui":{"low":1636,"high":2487},"country_iso3":"N.A.","label":"Bladder","item_order":33,"cancer_label":"Bladder"},{"country_code":410,"sex":0,"type":1,"cancer_code":31,"total":1620,"total_pop":51329905,"asr":1.78,"crude_rate":3.16,"cum_risk_74":0.17,"rank":12,"ui":{"low":1350,"high":1945},"country_iso3":"N.A.","label":" Brain, central nervous system","item_order":34,"cancer_label":" Brain, central nervous system"},{"country_code":410,"sex":0,"type":1,"cancer_code":32,"total":414,"total_pop":51329905,"asr":0.29,"crude_rate":0.81,"cum_risk_74":0.03,"rank":21,"ui":{"low":301,"high":569},"country_iso3":"N.A.","label":"Thyroid","item_order":35,"cancer_label":"Thyroid"},{"country_code":410,"sex":0,"type":1,"cancer_code":33,"total":65,"total_pop":51329905,"asr":0.05,"crude_rate":0.13,"cum_risk_74":0.01,"rank":30,"ui":{"low":24,"high":173},"country_iso3":"N.A.","label":"Hodgkin lymphoma","item_order":36,"cancer_label":"Hodgkin lymphoma"},{"country_code":410,"sex":0,"type":1,"cancer_code":34,"total":2544,"total_pop":51329905,"asr":2.1,"crude_rate":4.96,"cum_risk_74":0.22,"rank":10,"ui":{"low":2196,"high":2948},"country_iso3":"N.A.","label":"Non-Hodgkin lymphoma","item_order":37,"cancer_label":"Non-Hodgkin lymphoma"},{"country_code":410,"sex":0,"type":1,"cancer_code":35,"total":1223,"total_pop":51329905,"asr":0.92,"crude_rate":2.38,"cum_risk_74":0.1,"rank":17,"ui":{"low":974,"high":1536},"country_iso3":"N.A.","label":"Multiple myeloma","item_order":38,"cancer_label":"Multiple myeloma"},{"country_code":410,"sex":0,"type":1,"cancer_code":36,"total":2191,"total_pop":51329905,"asr":2.22,"crude_rate":4.27,"cum_risk_74":0.22,"rank":9,"ui":{"low":1859,"high":2582},"country_iso3":"N.A.","label":"Leukaemia","item_order":39,"cancer_label":"Leukaemia"},{"country_code":410,"sex":0,"type":1,"cancer_code":37,"total":7008,"total_pop":51329905,"asr":5.45,"crude_rate":13.65,"cum_risk_74":0.52,"ui":{"low":"NA"},"country_iso3":"N.A.","label":"Other specified cancers","item_order":40,"cancer_label":"Other specified cancers"},{"country_code":410,"sex":0,"type":1,"cancer_code":38,"total":1647,"total_pop":51329905,"asr":1.15,"crude_rate":3.21,"cum_risk_74":0.1,"ui":{"low":1318,"high":2059},"country_iso3":"N.A.","label":"Unspecified sites","item_order":41,"cancer_label":"Unspecified sites"},{"country_code":410,"sex":0,"type":1,"cancer_code":39,"total":97615,"total_pop":51329905,"asr":77.01,"crude_rate":190.17,"cum_risk_74":7.54,"ui":{"low":96266,"high":98983},"country_iso3":"N.A.","label":"All cancers","item_order":1,"cancer_label":"All cancers"},{"country_code":410,"sex":0,"type":1,"cancer_code":40,"total":97268,"total_pop":51329905,"asr":76.79,"crude_rate":189.5,"cum_risk_74":7.53,"ui":{"low":95920,"high":98634},"country_iso3":"N.A.","label":"All cancers excl. non-melanoma skin cancer","item_order":2,"cancer_label":"All cancers excl. non-melanoma skin cancer"},{"country_code":410,"sex":0,"type":1,"cancer_code":41,"total":11595,"total_pop":51329905,"asr":8.55,"crude_rate":22.59,"cum_risk_74":0.77,"rank":3,"ui":{"low":"NA"},"country_iso3":"N.A.","label":"Colorectum","item_order":11,"cancer_label":"Colorectum"}]