[{"country_code":410,"sex":0,"type":0,"cancer_code":1,"total":1697,"total_pop":51329905,"asr":1.64,"crude_rate":3.31,"cum_risk_74":0.19,"rank":20,"ui":{"low":1411,"high":2041},"country_iso3":"N.A.","label":"Lip, oral cavity","item_order":3,"cancer_label":"Lip, oral cavity"},{"country_code":410,"sex":0,"type":0,"cancer_code":2,"total":540,"total_pop":51329905,"asr":0.61,"crude_rate":1.05,"cum_risk_74":0.06,"rank":25,"ui":{"low":395,"high":738},"country_iso3":"N.A.","label":"Salivary glands","item_order":4,"cancer_label":"Salivary glands"},{"country_code":410,"sex":0,"type":0,"cancer_code":3,"total":789,"total_pop":51329905,"asr":0.77,"crude_rate":1.54,"cum_risk_74":0.1,"rank":23,"ui":{"low":501,"high":1244},"country_iso3":"N.A.","label":"Oropharynx","item_order":5,"cancer_label":"Oropharynx"},{"country_code":410,"sex":0,"type":0,"cancer_code":4,"total":455,"total_pop":51329905,"asr":0.54,"crude_rate":0.89,"cum_risk_74":0.06,"rank":26,"ui":{"low":335,"high":617},"country_iso3":"N.A.","label":"Nasopharynx","item_order":6,"cancer_label":"Nasopharynx"},{"country_code":410,"sex":0,"type":0,"cancer_code":5,"total":532,"total_pop":51329905,"asr":0.47,"crude_rate":1.04,"cum_risk_74":0.06,"rank":28,"ui":{"low":277,"high":1022},"country_iso3":"N.A.","label":"Hypopharynx","item_order":7,"cancer_label":"Hypopharynx"},{"country_code":410,"sex":0,"type":0,"cancer_code":6,"total":2437,"total_pop":51329905,"asr":2.16,"crude_rate":4.75,"cum_risk_74":0.28,"rank":18,"ui":{"low":1999,"high":2972},"country_iso3":"N.A.","label":"Oesophagus","item_order":8,"cancer_label":"Oesophagus"},{"country_code":410,"sex":0,"type":0,"cancer_code":7,"total":29267,"total_pop":51329905,"asr":26.98,"crude_rate":57.02,"cum_risk_74":3.26,"rank":3,"ui":{"low":28530,"high":30023},"country_iso3":"N.A.","label":"Stomach","item_order":9,"cancer_label":"Stomach"},{"country_code":410,"sex":0,"type":0,"cancer_code":11,"total":14791,"total_pop":51329905,"asr":13.68,"crude_rate":28.82,"cum_risk_74":1.64,"rank":7,"ui":{"low":13790,"high":15865},"country_iso3":"N.A.","label":"Liver and intrahepatic bile ducts","item_order":14,"cancer_label":"Liver and intrahepatic bile ducts"},{"country_code":410,"sex":0,"type":0,"cancer_code":12,"total":3264,"total_pop":51329905,"asr":2.62,"crude_rate":6.36,"cum_risk_74":0.3,"rank":17,"ui":{"low":2784,"high":3827},"country_iso3":"N.A.","label":"Gallbladder","item_order":15,"cancer_label":"Gallbladder"},{"country_code":410,"sex":0,"type":0,"cancer_code":13,"total":8891,"total_pop":51329905,"asr":7.52,"crude_rate":17.32,"cum_risk_74":0.88,"rank":10,"ui":{"low":8248,"high":9584},"country_iso3":"N.A.","label":"Pancreas","item_order":16,"cancer_label":"Pancreas"},{"country_code":410,"sex":0,"type":0,"cancer_code":14,"total":1256,"total_pop":51329905,"asr":1.12,"crude_rate":2.45,"cum_risk_74":0.15,"rank":22,"ui":{"low":848,"high":1861},"country_iso3":"N.A.","label":"Larynx","item_order":17,"cancer_label":"Larynx"},{"country_code":410,"sex":0,"type":0,"cancer_code":15,"total":31337,"total_pop":51329905,"asr":26.21,"crude_rate":61.05,"cum_risk_74":3.16,"rank":5,"ui":{"low":30061,"high":32667},"country_iso3":"N.A.","label":"Trachea, bronchus and lung","item_order":18,"cancer_label":"Trachea, bronchus and lung"},{"country_code":410,"sex":0,"type":0,"cancer_code":16,"total":662,"total_pop":51329905,"asr":0.63,"crude_rate":1.29,"cum_risk_74":0.07,"rank":24,"ui":{"low":501,"high":875},"country_iso3":"N.A.","label":"Melanoma of skin","item_order":19,"cancer_label":"Melanoma of skin"},{"country_code":410,"sex":0,"type":0,"cancer_code":18,"total":209,"total_pop":51329905,"asr":0.19,"crude_rate":0.41,"cum_risk_74":0.02,"rank":31,"ui":{"low":110,"high":396},"country_iso3":"N.A.","label":"Mesothelioma","item_order":21,"cancer_label":"Mesothelioma"},{"country_code":410,"sex":0,"type":0,"cancer_code":19,"total":70,"total_pop":51329905,"asr":0.05,"crude_rate":0.14,"cum_risk_74":0.01,"rank":33,"ui":{"low":23,"high":217},"country_iso3":"N.A.","label":"Kaposi sarcoma","item_order":22,"cancer_label":"Kaposi sarcoma"},{"country_code":410,"sex":0,"type":0,"cancer_code":20,"total":24772,"total_pop":25644064,"asr":61.48,"crude_rate":96.6,"cum_risk_74":6.07,"rank":1,"ui":{"low":24189,"high":25369},"country_iso3":"N.A.","label":"Breast","item_order":23,"cancer_label":"Breast"},{"country_code":410,"sex":0,"type":0,"cancer_code":21,"total":204,"total_pop":25644064,"asr":0.35,"crude_rate":0.8,"cum_risk_74":0.04,"rank":29,"ui":{"low":160,"high":261},"country_iso3":"N.A.","label":"Vulva","item_order":24,"cancer_label":"Vulva"},{"country_code":410,"sex":0,"type":0,"cancer_code":22,"total":95,"total_pop":25644064,"asr":0.17,"crude_rate":0.37,"cum_risk_74":0.02,"rank":32,"ui":{"low":66,"high":137},"country_iso3":"N.A.","label":"Vagina","item_order":25,"cancer_label":"Vagina"},{"country_code":410,"sex":0,"type":0,"cancer_code":23,"total":3397,"total_pop":25644064,"asr":8.59,"crude_rate":13.25,"cum_risk_74":0.81,"rank":8,"ui":{"low":3186,"high":3622},"country_iso3":"N.A.","label":"Cervix uteri","item_order":26,"cancer_label":"Cervix uteri"},{"country_code":410,"sex":0,"type":0,"cancer_code":24,"total":3314,"total_pop":25644064,"asr":7.61,"crude_rate":12.92,"cum_risk_74":0.82,"rank":9,"ui":{"low":3111,"high":3530},"country_iso3":"N.A.","label":"Corpus uteri","item_order":27,"cancer_label":"Corpus uteri"},{"country_code":410,"sex":0,"type":0,"cancer_code":25,"total":2799,"total_pop":25644064,"asr":6.45,"crude_rate":10.91,"cum_risk_74":0.67,"rank":11,"ui":{"low":2616,"high":2994},"country_iso3":"N.A.","label":"Ovary","item_order":28,"cancer_label":"Ovary"},{"country_code":410,"sex":0,"type":0,"cancer_code":26,"total":109,"total_pop":25685841,"asr":0.2,"crude_rate":0.42,"cum_risk_74":0.02,"rank":30,"ui":{"low":77,"high":153},"country_iso3":"N.A.","label":"Penis","item_order":29,"cancer_label":"Penis"},{"country_code":410,"sex":0,"type":0,"cancer_code":27,"total":16374,"total_pop":25685841,"asr":29.28,"crude_rate":63.75,"cum_risk_74":3.74,"rank":2,"ui":{"low":15687,"high":17091},"country_iso3":"N.A.","label":"Prostate","item_order":30,"cancer_label":"Prostate"},{"country_code":410,"sex":0,"type":0,"cancer_code":28,"total":297,"total_pop":25685841,"asr":1.24,"crude_rate":1.16,"cum_risk_74":0.09,"rank":21,"ui":{"low":240,"high":368},"country_iso3":"N.A.","label":"Testis","item_order":31,"cancer_label":"Testis"},{"country_code":410,"sex":0,"type":0,"cancer_code":29,"total":4787,"total_pop":51329905,"asr":4.97,"crude_rate":9.33,"cum_risk_74":0.57,"rank":14,"ui":{"low":4287,"high":5345},"country_iso3":"N.A.","label":"Kidney","item_order":32,"cancer_label":"Kidney"},{"country_code":410,"sex":0,"type":0,"cancer_code":30,"total":5909,"total_pop":51329905,"asr":4.91,"crude_rate":11.51,"cum_risk_74":0.59,"rank":15,"ui":{"low":5252,"high":6648},"country_iso3":"N.A.","label":"Bladder","item_order":33,"cancer_label":"Bladder"},{"country_code":410,"sex":0,"type":0,"cancer_code":31,"total":2132,"total_pop":51329905,"asr":2.91,"crude_rate":4.15,"cum_risk_74":0.27,"rank":16,"ui":{"low":1835,"high":2477},"country_iso3":"N.A.","label":" Brain, central nervous system","item_order":34,"cancer_label":" Brain, central nervous system"},{"country_code":410,"sex":0,"type":0,"cancer_code":32,"total":17642,"total_pop":51329905,"asr":23.23,"crude_rate":34.37,"cum_risk_74":2.27,"rank":6,"ui":{"low":16385,"high":18995},"country_iso3":"N.A.","label":"Thyroid","item_order":35,"cancer_label":"Thyroid"},{"country_code":410,"sex":0,"type":0,"cancer_code":33,"total":340,"total_pop":51329905,"asr":0.54,"crude_rate":0.66,"cum_risk_74":0.05,"rank":26,"ui":{"low":228,"high":506},"country_iso3":"N.A.","label":"Hodgkin lymphoma","item_order":36,"cancer_label":"Hodgkin lymphoma"},{"country_code":410,"sex":0,"type":0,"cancer_code":34,"total":5325,"total_pop":51329905,"asr":5.74,"crude_rate":10.37,"cum_risk_74":0.63,"rank":12,"ui":{"low":4831,"high":5869},"country_iso3":"N.A.","label":"Non-Hodgkin lymphoma","item_order":37,"cancer_label":"Non-Hodgkin lymphoma"},{"country_code":410,"sex":0,"type":0,"cancer_code":35,"total":2107,"total_pop":51329905,"asr":1.81,"crude_rate":4.1,"cum_risk_74":0.23,"rank":19,"ui":{"low":1664,"high":2668},"country_iso3":"N.A.","label":"Multiple myeloma","item_order":38,"cancer_label":"Multiple myeloma"},{"country_code":410,"sex":0,"type":0,"cancer_code":36,"total":3781,"total_pop":51329905,"asr":5.53,"crude_rate":7.37,"cum_risk_74":0.48,"rank":13,"ui":{"low":3359,"high":4256},"country_iso3":"N.A.","label":"Leukaemia","item_order":39,"cancer_label":"Leukaemia"},{"country_code":410,"sex":0,"type":0,"cancer_code":37,"total":15745,"total_pop":51329905,"asr":14.85,"crude_rate":30.67,"cum_risk_74":1.56,"ui":{"low":"NA"},"country_iso3":"N.A.","label":"Other specified cancers","item_order":40,"cancer_label":"Other specified cancers"},{"country_code":410,"sex":0,"type":0,"cancer_code":38,"total":2815,"total_pop":51329905,"asr":2.47,"crude_rate":5.48,"cum_risk_74":0.26,"ui":{"low":2450,"high":3234},"country_iso3":"N.A.","label":"Unspecified sites","item_order":41,"cancer_label":"Unspecified sites"},{"country_code":410,"sex":0,"type":0,"cancer_code":39,"total":237701,"total_pop":51329905,"asr":234.7,"crude_rate":463.08,"cum_risk_74":23.35,"ui":{"low":235692,"high":239727},"country_iso3":"N.A.","label":"All cancers","item_order":1,"cancer_label":"All cancers"},{"country_code":410,"sex":0,"type":0,"cancer_code":40,"total":232963,"total_pop":51329905,"asr":230.92,"crude_rate":453.85,"cum_risk_74":23.05,"ui":{"low":230973,"high":234970},"country_iso3":"N.A.","label":"All cancers excl. non-melanoma skin cancer","item_order":2,"cancer_label":"All cancers excl. non-melanoma skin cancer"},{"country_code":410,"sex":0,"type":0,"cancer_code":41,"total":29560,"total_pop":51329905,"asr":26.52,"crude_rate":57.59,"cum_risk_74":3.06,"rank":4,"ui":{"low":"NA"},"country_iso3":"N.A.","label":"Colorectum","item_order":11,"cancer_label":"Colorectum"}]