[{"country_code":"903_904_905_908_909_935","sex":0,"type":0,"cancer_code":1,"country_label":"Africa; Latin America and the Caribbean; Northern America; Europe; Oceania; Asia","total":389846,"total_pop":7885070781,"asr":4,"crude_rate":4.94,"cum_risk_74":0.46,"rank":17,"country_iso3":"N.A.","label":"Lip, oral cavity","item_order":3,"cancer_label":"Lip, oral cavity"},{"country_code":"903_904_905_908_909_935","sex":0,"type":0,"cancer_code":2,"country_label":"Africa; Latin America and the Caribbean; Northern America; Europe; Oceania; Asia","total":55083,"total_pop":7885070781,"asr":0.56,"crude_rate":0.7,"cum_risk_74":0.06,"rank":30,"country_iso3":"N.A.","label":"Salivary glands","item_order":4,"cancer_label":"Salivary glands"},{"country_code":"903_904_905_908_909_935","sex":0,"type":0,"cancer_code":3,"country_label":"Africa; Latin America and the Caribbean; Northern America; Europe; Oceania; Asia","total":106400,"total_pop":7885070781,"asr":1.1,"crude_rate":1.35,"cum_risk_74":0.13,"rank":25,"country_iso3":"N.A.","label":"Oropharynx","item_order":5,"cancer_label":"Oropharynx"},{"country_code":"903_904_905_908_909_935","sex":0,"type":0,"cancer_code":4,"country_label":"Africa; Latin America and the Caribbean; Northern America; Europe; Oceania; Asia","total":120434,"total_pop":7885070781,"asr":1.31,"crude_rate":1.53,"cum_risk_74":0.14,"rank":23,"country_iso3":"N.A.","label":"Nasopharynx","item_order":6,"cancer_label":"Nasopharynx"},{"country_code":"903_904_905_908_909_935","sex":0,"type":0,"cancer_code":5,"country_label":"Africa; Latin America and the Caribbean; Northern America; Europe; Oceania; Asia","total":86257,"total_pop":7885070781,"asr":0.89,"crude_rate":1.09,"cum_risk_74":0.11,"rank":27,"country_iso3":"N.A.","label":"Hypopharynx","item_order":7,"cancer_label":"Hypopharynx"},{"country_code":"903_904_905_908_909_935","sex":0,"type":0,"cancer_code":6,"country_label":"Africa; Latin America and the Caribbean; Northern America; Europe; Oceania; Asia","total":511054,"total_pop":7885070781,"asr":4.97,"crude_rate":6.48,"cum_risk_74":0.61,"rank":14,"country_iso3":"N.A.","label":"Oesophagus","item_order":8,"cancer_label":"Oesophagus"},{"country_code":"903_904_905_908_909_935","sex":0,"type":0,"cancer_code":7,"country_label":"Africa; Latin America and the Caribbean; Northern America; Europe; Oceania; Asia","total":968784,"total_pop":7885070781,"asr":9.18,"crude_rate":12.29,"cum_risk_74":1.08,"rank":6,"country_iso3":"N.A.","label":"Stomach","item_order":9,"cancer_label":"Stomach"},{"country_code":"903_904_905_908_909_935","sex":0,"type":0,"cancer_code":11,"country_label":"Africa; Latin America and the Caribbean; Northern America; Europe; Oceania; Asia","total":866136,"total_pop":7885070781,"asr":8.57,"crude_rate":10.98,"cum_risk_74":1,"rank":8,"country_iso3":"N.A.","label":"Liver and intrahepatic bile ducts","item_order":14,"cancer_label":"Liver and intrahepatic bile ducts"},{"country_code":"903_904_905_908_909_935","sex":0,"type":0,"cancer_code":12,"country_label":"Africa; Latin America and the Caribbean; Northern America; Europe; Oceania; Asia","total":122491,"total_pop":7885070781,"asr":1.15,"crude_rate":1.55,"cum_risk_74":0.13,"rank":24,"country_iso3":"N.A.","label":"Gallbladder","item_order":15,"cancer_label":"Gallbladder"},{"country_code":"903_904_905_908_909_935","sex":0,"type":0,"cancer_code":13,"country_label":"Africa; Latin America and the Caribbean; Northern America; Europe; Oceania; Asia","total":510992,"total_pop":7885070781,"asr":4.69,"crude_rate":6.48,"cum_risk_74":0.53,"rank":15,"country_iso3":"N.A.","label":"Pancreas","item_order":16,"cancer_label":"Pancreas"},{"country_code":"903_904_905_908_909_935","sex":0,"type":0,"cancer_code":14,"country_label":"Africa; Latin America and the Caribbean; Northern America; Europe; Oceania; Asia","total":189191,"total_pop":7885070781,"asr":1.91,"crude_rate":2.4,"cum_risk_74":0.24,"rank":20,"country_iso3":"N.A.","label":"Larynx","item_order":17,"cancer_label":"Larynx"},{"country_code":"903_904_905_908_909_935","sex":0,"type":0,"cancer_code":15,"country_label":"Africa; Latin America and the Caribbean; Northern America; Europe; Oceania; Asia","total":2480675,"total_pop":7885070781,"asr":23.62,"crude_rate":31.46,"cum_risk_74":2.88,"rank":3,"country_iso3":"N.A.","label":"Trachea, bronchus and lung","item_order":18,"cancer_label":"Trachea, bronchus and lung"},{"country_code":"903_904_905_908_909_935","sex":0,"type":0,"cancer_code":16,"country_label":"Africa; Latin America and the Caribbean; Northern America; Europe; Oceania; Asia","total":331722,"total_pop":7885070781,"asr":3.22,"crude_rate":4.21,"cum_risk_74":0.35,"rank":19,"country_iso3":"N.A.","label":"Melanoma of skin","item_order":19,"cancer_label":"Melanoma of skin"},{"country_code":"903_904_905_908_909_935","sex":0,"type":0,"cancer_code":18,"country_label":"Africa; Latin America and the Caribbean; Northern America; Europe; Oceania; Asia","total":30633,"total_pop":7885070781,"asr":0.28,"crude_rate":0.39,"cum_risk_74":0.03,"rank":33,"country_iso3":"N.A.","label":"Mesothelioma","item_order":21,"cancer_label":"Mesothelioma"},{"country_code":"903_904_905_908_909_935","sex":0,"type":0,"cancer_code":19,"country_label":"Africa; Latin America and the Caribbean; Northern America; Europe; Oceania; Asia","total":35813,"total_pop":7885070781,"asr":0.41,"crude_rate":0.45,"cum_risk_74":0.04,"rank":31,"country_iso3":"N.A.","label":"Kaposi sarcoma","item_order":22,"cancer_label":"Kaposi sarcoma"},{"country_code":"903_904_905_908_909_935","sex":0,"type":0,"cancer_code":20,"country_label":"Africa; Latin America and the Caribbean; Northern America; Europe; Oceania; Asia","total":2296840,"total_pop":3912335034,"asr":46.82,"crude_rate":58.71,"cum_risk_74":5.06,"rank":1,"country_iso3":"N.A.","label":"Breast","item_order":23,"cancer_label":"Breast"},{"country_code":"903_904_905_908_909_935","sex":0,"type":0,"cancer_code":21,"country_label":"Africa; Latin America and the Caribbean; Northern America; Europe; Oceania; Asia","total":47336,"total_pop":3912335034,"asr":0.83,"crude_rate":1.21,"cum_risk_74":0.09,"rank":28,"country_iso3":"N.A.","label":"Vulva","item_order":24,"cancer_label":"Vulva"},{"country_code":"903_904_905_908_909_935","sex":0,"type":0,"cancer_code":22,"country_label":"Africa; Latin America and the Caribbean; Northern America; Europe; Oceania; Asia","total":18819,"total_pop":3912335034,"asr":0.36,"crude_rate":0.48,"cum_risk_74":0.04,"rank":32,"country_iso3":"N.A.","label":"Vagina","item_order":25,"cancer_label":"Vagina"},{"country_code":"903_904_905_908_909_935","sex":0,"type":0,"cancer_code":23,"country_label":"Africa; Latin America and the Caribbean; Northern America; Europe; Oceania; Asia","total":662301,"total_pop":3912335034,"asr":14.12,"crude_rate":16.93,"cum_risk_74":1.5,"rank":5,"country_iso3":"N.A.","label":"Cervix uteri","item_order":26,"cancer_label":"Cervix uteri"},{"country_code":"903_904_905_908_909_935","sex":0,"type":0,"cancer_code":24,"country_label":"Africa; Latin America and the Caribbean; Northern America; Europe; Oceania; Asia","total":420368,"total_pop":3912335034,"asr":8.37,"crude_rate":10.74,"cum_risk_74":1.01,"rank":9,"country_iso3":"N.A.","label":"Corpus uteri","item_order":27,"cancer_label":"Corpus uteri"},{"country_code":"903_904_905_908_909_935","sex":0,"type":0,"cancer_code":25,"country_label":"Africa; Latin America and the Caribbean; Northern America; Europe; Oceania; Asia","total":324603,"total_pop":3912335034,"asr":6.65,"crude_rate":8.3,"cum_risk_74":0.73,"rank":10,"country_iso3":"N.A.","label":"Ovary","item_order":28,"cancer_label":"Ovary"},{"country_code":"903_904_905_908_909_935","sex":0,"type":0,"cancer_code":26,"country_label":"Africa; Latin America and the Caribbean; Northern America; Europe; Oceania; Asia","total":37700,"total_pop":3972735747,"asr":0.79,"crude_rate":0.95,"cum_risk_74":0.09,"rank":29,"country_iso3":"N.A.","label":"Penis","item_order":29,"cancer_label":"Penis"},{"country_code":"903_904_905_908_909_935","sex":0,"type":0,"cancer_code":27,"country_label":"Africa; Latin America and the Caribbean; Northern America; Europe; Oceania; Asia","total":1467854,"total_pop":3972735747,"asr":29.42,"crude_rate":36.95,"cum_risk_74":3.68,"rank":2,"country_iso3":"N.A.","label":"Prostate","item_order":30,"cancer_label":"Prostate"},{"country_code":"903_904_905_908_909_935","sex":0,"type":0,"cancer_code":28,"country_label":"Africa; Latin America and the Caribbean; Northern America; Europe; Oceania; Asia","total":72040,"total_pop":3972735747,"asr":1.69,"crude_rate":1.81,"cum_risk_74":0.13,"rank":22,"country_iso3":"N.A.","label":"Testis","item_order":31,"cancer_label":"Testis"},{"country_code":"903_904_905_908_909_935","sex":0,"type":0,"cancer_code":29,"country_label":"Africa; Latin America and the Caribbean; Northern America; Europe; Oceania; Asia","total":434840,"total_pop":7885070781,"asr":4.42,"crude_rate":5.51,"cum_risk_74":0.51,"rank":16,"country_iso3":"N.A.","label":"Kidney","item_order":32,"cancer_label":"Kidney"},{"country_code":"903_904_905_908_909_935","sex":0,"type":0,"cancer_code":30,"country_label":"Africa; Latin America and the Caribbean; Northern America; Europe; Oceania; Asia","total":614298,"total_pop":7885070781,"asr":5.58,"crude_rate":7.79,"cum_risk_74":0.64,"rank":11,"country_iso3":"N.A.","label":"Bladder","item_order":33,"cancer_label":"Bladder"},{"country_code":"903_904_905_908_909_935","sex":0,"type":0,"cancer_code":31,"country_label":"Africa; Latin America and the Caribbean; Northern America; Europe; Oceania; Asia","total":321731,"total_pop":7885070781,"asr":3.47,"crude_rate":4.08,"cum_risk_74":0.35,"rank":18,"country_iso3":"N.A.","label":" Brain, central nervous system","item_order":34,"cancer_label":" Brain, central nervous system"},{"country_code":"903_904_905_908_909_935","sex":0,"type":0,"cancer_code":32,"country_label":"Africa; Latin America and the Caribbean; Northern America; Europe; Oceania; Asia","total":821214,"total_pop":7885070781,"asr":9.12,"crude_rate":10.41,"cum_risk_74":0.91,"rank":7,"country_iso3":"N.A.","label":"Thyroid","item_order":35,"cancer_label":"Thyroid"},{"country_code":"903_904_905_908_909_935","sex":0,"type":0,"cancer_code":33,"country_label":"Africa; Latin America and the Caribbean; Northern America; Europe; Oceania; Asia","total":82469,"total_pop":7885070781,"asr":0.95,"crude_rate":1.05,"cum_risk_74":0.08,"rank":26,"country_iso3":"N.A.","label":"Hodgkin lymphoma","item_order":36,"cancer_label":"Hodgkin lymphoma"},{"country_code":"903_904_905_908_909_935","sex":0,"type":0,"cancer_code":34,"country_label":"Africa; Latin America and the Caribbean; Northern America; Europe; Oceania; Asia","total":553389,"total_pop":7885070781,"asr":5.57,"crude_rate":7.02,"cum_risk_74":0.6,"rank":12,"country_iso3":"N.A.","label":"Non-Hodgkin lymphoma","item_order":37,"cancer_label":"Non-Hodgkin lymphoma"},{"country_code":"903_904_905_908_909_935","sex":0,"type":0,"cancer_code":35,"country_label":"Africa; Latin America and the Caribbean; Northern America; Europe; Oceania; Asia","total":187952,"total_pop":7885070781,"asr":1.79,"crude_rate":2.38,"cum_risk_74":0.22,"rank":21,"country_iso3":"N.A.","label":"Multiple myeloma","item_order":38,"cancer_label":"Multiple myeloma"},{"country_code":"903_904_905_908_909_935","sex":0,"type":0,"cancer_code":36,"country_label":"Africa; Latin America and the Caribbean; Northern America; Europe; Oceania; Asia","total":487294,"total_pop":7885070781,"asr":5.26,"crude_rate":6.18,"cum_risk_74":0.5,"rank":13,"country_iso3":"N.A.","label":"Leukaemia","item_order":39,"cancer_label":"Leukaemia"},{"country_code":"903_904_905_908_909_935","sex":0,"type":0,"cancer_code":37,"country_label":"Africa; Latin America and the Caribbean; Northern America; Europe; Oceania; Asia","total":1938980,"total_pop":7885070781,"asr":17.66,"crude_rate":24.59,"cum_risk_74":1.73,"rank":null,"country_iso3":"N.A.","label":"Other specified cancers","item_order":40,"cancer_label":"Other specified cancers"},{"country_code":"903_904_905_908_909_935","sex":0,"type":0,"cancer_code":38,"country_label":"Africa; Latin America and the Caribbean; Northern America; Europe; Oceania; Asia","total":454535,"total_pop":7885070781,"asr":4.48,"crude_rate":5.76,"cum_risk_74":0.49,"rank":null,"country_iso3":"N.A.","label":"Unspecified sites","item_order":41,"cancer_label":"Unspecified sites"},{"country_code":"903_904_905_908_909_935","sex":0,"type":0,"cancer_code":39,"country_label":"Africa; Latin America and the Caribbean; Northern America; Europe; Oceania; Asia","total":19976499,"total_pop":7885070781,"asr":196.88,"crude_rate":253.35,"cum_risk_74":20.03,"rank":null,"country_iso3":"N.A.","label":"All cancers","item_order":1,"cancer_label":"All cancers"},{"country_code":"903_904_905_908_909_935","sex":0,"type":0,"cancer_code":40,"country_label":"Africa; Latin America and the Caribbean; Northern America; Europe; Oceania; Asia","total":18741966,"total_pop":7885070781,"asr":186.51,"crude_rate":237.69,"cum_risk_74":19.23,"rank":null,"country_iso3":"N.A.","label":"All cancers excl. non-melanoma skin cancer","item_order":2,"cancer_label":"All cancers excl. non-melanoma skin cancer"},{"country_code":"903_904_905_908_909_935","sex":0,"type":0,"cancer_code":41,"country_label":"Africa; Latin America and the Caribbean; Northern America; Europe; Oceania; Asia","total":1926425,"total_pop":7885070781,"asr":18.35,"crude_rate":24.43,"cum_risk_74":2.12,"rank":4,"country_iso3":"N.A.","label":"Colorectum","item_order":11,"cancer_label":"Colorectum"}]