[{"country_code":"903_904_905_908_909_935","sex":0,"type":1,"cancer_code":1,"country_label":"Africa; Latin America and the Caribbean; Northern America; Europe; Oceania; Asia","total":188438,"total_pop":7885070781,"asr":1.92,"crude_rate":2.39,"cum_risk_74":0.22,"rank":14,"country_iso3":"N.A.","label":"Lip, oral cavity","item_order":3,"cancer_label":"Lip, oral cavity"},{"country_code":"903_904_905_908_909_935","sex":0,"type":1,"cancer_code":2,"country_label":"Africa; Latin America and the Caribbean; Northern America; Europe; Oceania; Asia","total":23942,"total_pop":7885070781,"asr":0.23,"crude_rate":0.3,"cum_risk_74":0.03,"rank":29,"country_iso3":"N.A.","label":"Salivary glands","item_order":4,"cancer_label":"Salivary glands"},{"country_code":"903_904_905_908_909_935","sex":0,"type":1,"cancer_code":3,"country_label":"Africa; Latin America and the Caribbean; Northern America; Europe; Oceania; Asia","total":52305,"total_pop":7885070781,"asr":0.53,"crude_rate":0.66,"cum_risk_74":0.06,"rank":22,"country_iso3":"N.A.","label":"Oropharynx","item_order":5,"cancer_label":"Oropharynx"},{"country_code":"903_904_905_908_909_935","sex":0,"type":1,"cancer_code":4,"country_label":"Africa; Latin America and the Caribbean; Northern America; Europe; Oceania; Asia","total":73482,"total_pop":7885070781,"asr":0.77,"crude_rate":0.93,"cum_risk_74":0.09,"rank":21,"country_iso3":"N.A.","label":"Nasopharynx","item_order":6,"cancer_label":"Nasopharynx"},{"country_code":"903_904_905_908_909_935","sex":0,"type":1,"cancer_code":5,"country_label":"Africa; Latin America and the Caribbean; Northern America; Europe; Oceania; Asia","total":40902,"total_pop":7885070781,"asr":0.41,"crude_rate":0.52,"cum_risk_74":0.05,"rank":25,"country_iso3":"N.A.","label":"Hypopharynx","item_order":7,"cancer_label":"Hypopharynx"},{"country_code":"903_904_905_908_909_935","sex":0,"type":1,"cancer_code":6,"country_label":"Africa; Latin America and the Caribbean; Northern America; Europe; Oceania; Asia","total":445391,"total_pop":7885070781,"asr":4.26,"crude_rate":5.65,"cum_risk_74":0.5,"rank":8,"country_iso3":"N.A.","label":"Oesophagus","item_order":8,"cancer_label":"Oesophagus"},{"country_code":"903_904_905_908_909_935","sex":0,"type":1,"cancer_code":7,"country_label":"Africa; Latin America and the Caribbean; Northern America; Europe; Oceania; Asia","total":660175,"total_pop":7885070781,"asr":6.09,"crude_rate":8.37,"cum_risk_74":0.69,"rank":7,"country_iso3":"N.A.","label":"Stomach","item_order":9,"cancer_label":"Stomach"},{"country_code":"903_904_905_908_909_935","sex":0,"type":1,"cancer_code":11,"country_label":"Africa; Latin America and the Caribbean; Northern America; Europe; Oceania; Asia","total":758725,"total_pop":7885070781,"asr":7.37,"crude_rate":9.62,"cum_risk_74":0.85,"rank":4,"country_iso3":"N.A.","label":"Liver and intrahepatic bile ducts","item_order":14,"cancer_label":"Liver and intrahepatic bile ducts"},{"country_code":"903_904_905_908_909_935","sex":0,"type":1,"cancer_code":12,"country_label":"Africa; Latin America and the Caribbean; Northern America; Europe; Oceania; Asia","total":89055,"total_pop":7885070781,"asr":0.83,"crude_rate":1.13,"cum_risk_74":0.09,"rank":20,"country_iso3":"N.A.","label":"Gallbladder","item_order":15,"cancer_label":"Gallbladder"},{"country_code":"903_904_905_908_909_935","sex":0,"type":1,"cancer_code":13,"country_label":"Africa; Latin America and the Caribbean; Northern America; Europe; Oceania; Asia","total":467409,"total_pop":7885070781,"asr":4.21,"crude_rate":5.93,"cum_risk_74":0.47,"rank":9,"country_iso3":"N.A.","label":"Pancreas","item_order":16,"cancer_label":"Pancreas"},{"country_code":"903_904_905_908_909_935","sex":0,"type":1,"cancer_code":14,"country_label":"Africa; Latin America and the Caribbean; Northern America; Europe; Oceania; Asia","total":103359,"total_pop":7885070781,"asr":1.01,"crude_rate":1.31,"cum_risk_74":0.12,"rank":19,"country_iso3":"N.A.","label":"Larynx","item_order":17,"cancer_label":"Larynx"},{"country_code":"903_904_905_908_909_935","sex":0,"type":1,"cancer_code":15,"country_label":"Africa; Latin America and the Caribbean; Northern America; Europe; Oceania; Asia","total":1817469,"total_pop":7885070781,"asr":16.76,"crude_rate":23.05,"cum_risk_74":1.97,"rank":1,"country_iso3":"N.A.","label":"Trachea, bronchus and lung","item_order":18,"cancer_label":"Trachea, bronchus and lung"},{"country_code":"903_904_905_908_909_935","sex":0,"type":1,"cancer_code":16,"country_label":"Africa; Latin America and the Caribbean; Northern America; Europe; Oceania; Asia","total":58667,"total_pop":7885070781,"asr":0.53,"crude_rate":0.74,"cum_risk_74":0.05,"rank":22,"country_iso3":"N.A.","label":"Melanoma of skin","item_order":19,"cancer_label":"Melanoma of skin"},{"country_code":"903_904_905_908_909_935","sex":0,"type":1,"cancer_code":18,"country_label":"Africa; Latin America and the Caribbean; Northern America; Europe; Oceania; Asia","total":25371,"total_pop":7885070781,"asr":0.22,"crude_rate":0.32,"cum_risk_74":0.02,"rank":30,"country_iso3":"N.A.","label":"Mesothelioma","item_order":21,"cancer_label":"Mesothelioma"},{"country_code":"903_904_905_908_909_935","sex":0,"type":1,"cancer_code":19,"country_label":"Africa; Latin America and the Caribbean; Northern America; Europe; Oceania; Asia","total":16169,"total_pop":7885070781,"asr":0.19,"crude_rate":0.21,"cum_risk_74":0.02,"rank":32,"country_iso3":"N.A.","label":"Kaposi sarcoma","item_order":22,"cancer_label":"Kaposi sarcoma"},{"country_code":"903_904_905_908_909_935","sex":0,"type":1,"cancer_code":20,"country_label":"Africa; Latin America and the Caribbean; Northern America; Europe; Oceania; Asia","total":666103,"total_pop":3912335034,"asr":12.65,"crude_rate":17.03,"cum_risk_74":1.36,"rank":2,"country_iso3":"N.A.","label":"Breast","item_order":23,"cancer_label":"Breast"},{"country_code":"903_904_905_908_909_935","sex":0,"type":1,"cancer_code":21,"country_label":"Africa; Latin America and the Caribbean; Northern America; Europe; Oceania; Asia","total":18579,"total_pop":3912335034,"asr":0.3,"crude_rate":0.47,"cum_risk_74":0.03,"rank":26,"country_iso3":"N.A.","label":"Vulva","item_order":24,"cancer_label":"Vulva"},{"country_code":"903_904_905_908_909_935","sex":0,"type":1,"cancer_code":22,"country_label":"Africa; Latin America and the Caribbean; Northern America; Europe; Oceania; Asia","total":8240,"total_pop":3912335034,"asr":0.15,"crude_rate":0.21,"cum_risk_74":0.02,"rank":33,"country_iso3":"N.A.","label":"Vagina","item_order":25,"cancer_label":"Vagina"},{"country_code":"903_904_905_908_909_935","sex":0,"type":1,"cancer_code":23,"country_label":"Africa; Latin America and the Caribbean; Northern America; Europe; Oceania; Asia","total":348874,"total_pop":3912335034,"asr":7.08,"crude_rate":8.92,"cum_risk_74":0.79,"rank":6,"country_iso3":"N.A.","label":"Cervix uteri","item_order":26,"cancer_label":"Cervix uteri"},{"country_code":"903_904_905_908_909_935","sex":0,"type":1,"cancer_code":24,"country_label":"Africa; Latin America and the Caribbean; Northern America; Europe; Oceania; Asia","total":97723,"total_pop":3912335034,"asr":1.72,"crude_rate":2.5,"cum_risk_74":0.2,"rank":16,"country_iso3":"N.A.","label":"Corpus uteri","item_order":27,"cancer_label":"Corpus uteri"},{"country_code":"903_904_905_908_909_935","sex":0,"type":1,"cancer_code":25,"country_label":"Africa; Latin America and the Caribbean; Northern America; Europe; Oceania; Asia","total":206956,"total_pop":3912335034,"asr":3.97,"crude_rate":5.29,"cum_risk_74":0.46,"rank":10,"country_iso3":"N.A.","label":"Ovary","item_order":28,"cancer_label":"Ovary"},{"country_code":"903_904_905_908_909_935","sex":0,"type":1,"cancer_code":26,"country_label":"Africa; Latin America and the Caribbean; Northern America; Europe; Oceania; Asia","total":13738,"total_pop":3972735747,"asr":0.28,"crude_rate":0.35,"cum_risk_74":0.03,"rank":27,"country_iso3":"N.A.","label":"Penis","item_order":29,"cancer_label":"Penis"},{"country_code":"903_904_905_908_909_935","sex":0,"type":1,"cancer_code":27,"country_label":"Africa; Latin America and the Caribbean; Northern America; Europe; Oceania; Asia","total":397430,"total_pop":3972735747,"asr":7.27,"crude_rate":10,"cum_risk_74":0.61,"rank":5,"country_iso3":"N.A.","label":"Prostate","item_order":30,"cancer_label":"Prostate"},{"country_code":"903_904_905_908_909_935","sex":0,"type":1,"cancer_code":28,"country_label":"Africa; Latin America and the Caribbean; Northern America; Europe; Oceania; Asia","total":9068,"total_pop":3972735747,"asr":0.21,"crude_rate":0.23,"cum_risk_74":0.02,"rank":31,"country_iso3":"N.A.","label":"Testis","item_order":31,"cancer_label":"Testis"},{"country_code":"903_904_905_908_909_935","sex":0,"type":1,"cancer_code":29,"country_label":"Africa; Latin America and the Caribbean; Northern America; Europe; Oceania; Asia","total":155953,"total_pop":7885070781,"asr":1.46,"crude_rate":1.98,"cum_risk_74":0.16,"rank":17,"country_iso3":"N.A.","label":"Kidney","item_order":32,"cancer_label":"Kidney"},{"country_code":"903_904_905_908_909_935","sex":0,"type":1,"cancer_code":30,"country_label":"Africa; Latin America and the Caribbean; Northern America; Europe; Oceania; Asia","total":220596,"total_pop":7885070781,"asr":1.82,"crude_rate":2.8,"cum_risk_74":0.17,"rank":15,"country_iso3":"N.A.","label":"Bladder","item_order":33,"cancer_label":"Bladder"},{"country_code":"903_904_905_908_909_935","sex":0,"type":1,"cancer_code":31,"country_label":"Africa; Latin America and the Caribbean; Northern America; Europe; Oceania; Asia","total":248500,"total_pop":7885070781,"asr":2.59,"crude_rate":3.15,"cum_risk_74":0.28,"rank":12,"country_iso3":"N.A.","label":" Brain, central nervous system","item_order":34,"cancer_label":" Brain, central nervous system"},{"country_code":"903_904_905_908_909_935","sex":0,"type":1,"cancer_code":32,"country_label":"Africa; Latin America and the Caribbean; Northern America; Europe; Oceania; Asia","total":47507,"total_pop":7885070781,"asr":0.44,"crude_rate":0.6,"cum_risk_74":0.05,"rank":24,"country_iso3":"N.A.","label":"Thyroid","item_order":35,"cancer_label":"Thyroid"},{"country_code":"903_904_905_908_909_935","sex":0,"type":1,"cancer_code":33,"country_label":"Africa; Latin America and the Caribbean; Northern America; Europe; Oceania; Asia","total":22733,"total_pop":7885070781,"asr":0.24,"crude_rate":0.29,"cum_risk_74":0.02,"rank":28,"country_iso3":"N.A.","label":"Hodgkin lymphoma","item_order":36,"cancer_label":"Hodgkin lymphoma"},{"country_code":"903_904_905_908_909_935","sex":0,"type":1,"cancer_code":34,"country_label":"Africa; Latin America and the Caribbean; Northern America; Europe; Oceania; Asia","total":250679,"total_pop":7885070781,"asr":2.38,"crude_rate":3.18,"cum_risk_74":0.24,"rank":13,"country_iso3":"N.A.","label":"Non-Hodgkin lymphoma","item_order":37,"cancer_label":"Non-Hodgkin lymphoma"},{"country_code":"903_904_905_908_909_935","sex":0,"type":1,"cancer_code":35,"country_label":"Africa; Latin America and the Caribbean; Northern America; Europe; Oceania; Asia","total":121388,"total_pop":7885070781,"asr":1.11,"crude_rate":1.54,"cum_risk_74":0.13,"rank":18,"country_iso3":"N.A.","label":"Multiple myeloma","item_order":38,"cancer_label":"Multiple myeloma"},{"country_code":"903_904_905_908_909_935","sex":0,"type":1,"cancer_code":36,"country_label":"Africa; Latin America and the Caribbean; Northern America; Europe; Oceania; Asia","total":305405,"total_pop":7885070781,"asr":3.09,"crude_rate":3.87,"cum_risk_74":0.29,"rank":11,"country_iso3":"N.A.","label":"Leukaemia","item_order":39,"cancer_label":"Leukaemia"},{"country_code":"903_904_905_908_909_935","sex":0,"type":1,"cancer_code":37,"country_label":"Africa; Latin America and the Caribbean; Northern America; Europe; Oceania; Asia","total":471014,"total_pop":7885070781,"asr":4.55,"crude_rate":5.97,"cum_risk_74":0.46,"rank":null,"country_iso3":"N.A.","label":"Other specified cancers","item_order":40,"cancer_label":"Other specified cancers"},{"country_code":"903_904_905_908_909_935","sex":0,"type":1,"cancer_code":38,"country_label":"Africa; Latin America and the Caribbean; Northern America; Europe; Oceania; Asia","total":408468,"total_pop":7885070781,"asr":3.83,"crude_rate":5.18,"cum_risk_74":0.41,"rank":null,"country_iso3":"N.A.","label":"Unspecified sites","item_order":41,"cancer_label":"Unspecified sites"},{"country_code":"903_904_905_908_909_935","sex":0,"type":1,"cancer_code":39,"country_label":"Africa; Latin America and the Caribbean; Northern America; Europe; Oceania; Asia","total":9743832,"total_pop":7885070781,"asr":91.71,"crude_rate":123.57,"cum_risk_74":9.61,"rank":null,"country_iso3":"N.A.","label":"All cancers","item_order":1,"cancer_label":"All cancers"},{"country_code":"903_904_905_908_909_935","sex":0,"type":1,"cancer_code":40,"country_label":"Africa; Latin America and the Caribbean; Northern America; Europe; Oceania; Asia","total":9674416,"total_pop":7885070781,"asr":91.12,"crude_rate":122.69,"cum_risk_74":9.57,"rank":null,"country_iso3":"N.A.","label":"All cancers excl. non-melanoma skin cancer","item_order":2,"cancer_label":"All cancers excl. non-melanoma skin cancer"},{"country_code":"903_904_905_908_909_935","sex":0,"type":1,"cancer_code":41,"country_label":"Africa; Latin America and the Caribbean; Northern America; Europe; Oceania; Asia","total":904019,"total_pop":7885070781,"asr":8.05,"crude_rate":11.46,"cum_risk_74":0.84,"rank":3,"country_iso3":"N.A.","label":"Colorectum","item_order":11,"cancer_label":"Colorectum"}]